{"stat.leaveGame":2,"stat.mineBlock.thaumcraft.ore_quartz":7,"stat.craftItem.minecraft.iron_axe":1,"stat.craftItem.thaumcraft.table_wood":1,"stat.useItem.minecraft.planks":77,"stat.craftItem.minecraft.shield":1,"stat.drop.minecraft.wooden_door":1,"stat.pickup.minecraft.porkchop":5,"stat.pickup.minecraft.rotten_flesh":15,"stat.pickup.minecraft.sand":20,"stat.pickup.dynamictreestc.greatwoodseed":5,"stat.craftItem.minecraft.stone_axe":1,"stat.killEntity.Enderman":1,"stat.pickup.minecraft.brown_mushroom":4,"stat.mineBlock.minecraft.sand":20,"stat.useItem.minecraft.iron_pickaxe":441,"stat.craftItem.minecraft.wooden_pickaxe":1,"stat.craftItem.minecraft.bed":1,"stat.furnaceInteraction":29,"stat.drop.minecraft.gravel":5,"stat.pickup.minecraft.beef":31,"stat.useItem.minecraft.cooked_mutton":22,"stat.pickup.minecraft.furnace":6,"stat.useItem.dynamictreestc.greatwoodseed":4,"stat.mineBlock.thaumcraft.vishroom":7,"stat.pickup.thaumcraft.crystal_essence":201,"stat.pickup.dynamictrees.oakseed":9,"stat.pickup.minecraft.egg":7,"stat.playOneMinute":106096,"stat.craftItem.minecraft.iron_pickaxe":3,"stat.drop.minecraft.torch":1,"stat.mineBlock.minecraft.tallgrass":70,"stat.craftItem.minecraft.cooked_mutton":28,"stat.pickup.minecraft.cooked_mutton":12,"stat.chestOpened":10,"stat.useItem.minecraft.stone":9,"stat.pickup.minecraft.arrow":11,"stat.drop.minecraft.flint":1,"stat.drop.minecraft.iron_pickaxe":1,"stat.fallOneCm":54394,"stat.drop.minecraft.stone":6,"stat.crouchOneCm":7651,"stat.craftItem.minecraft.iron_ingot":69,"stat.craftItem.minecraft.chest":5,"stat.pickup.minecraft.melon":7,"stat.craftingTableInteraction":32,"stat.pickup.minecraft.feather":2,"stat.useItem.minecraft.reeds":2,"stat.pickup.minecraft.dye":41,"stat.pickup.minecraft.planks":3,"stat.pickup.minecraft.wheat_seeds":8,"stat.mineBlock.minecraft.gravel":18,"stat.useItem.minecraft.stone_pickaxe":68,"stat.craftItem.minecraft.iron_leggings":1,"stat.mineBlock.minecraft.dirt":30,"stat.useItem.minecraft.torch":85,"stat.pickup.minecraft.crafting_table":6,"stat.useItem.minecraft.cobblestone":137,"stat.craftItem.minecraft.crafting_table":2,"stat.mineBlock.minecraft.double_plant":2,"stat.mineBlock.thaumcraft.crystal_aer":9,"stat.useItem.dynamictrees.oakseed":4,"stat.pickup.minecraft.log":34,"stat.pickup.minecraft.iron_pickaxe":1,"stat.mineBlock.thaumcraft.crystal_terra":9,"stat.drop.minecraft.planks":1,"stat.pickup.minecraft.chicken":5,"stat.pickup.thaumcraft.vishroom":8,"stat.drop.dynamictrees.oakseed":2,"stat.craftItem.minecraft.planks":136,"stat.useItem.minecraft.iron_sword":179,"stat.drop.thaumcraft.crystal_essence":13,"stat.craftItem.minecraft.wooden_door":3,"stat.useItem.minecraft.wooden_door":2,"stat.craftItem.minecraft.paper":9,"stat.pickup.minecraft.red_flower":1,"stat.sneakTime":3687,"stat.pickup.minecraft.wool":20,"stat.craftItem.thaumcraft.plank_greatwood":136,"stat.useItem.minecraft.wooden_axe":38,"stat.pickup.thaumcraft.log_greatwood":34,"stat.mineBlock.thaumcraft.ore_cinnabar":14,"stat.pickup.minecraft.bone":13,"stat.useItem.minecraft.iron_axe":6,"stat.mineBlock.minecraft.cobblestone":5,"stat.pickup.minecraft.flint":3,"stat.mineBlock.minecraft.brown_mushroom":2,"stat.swimOneCm":65271,"stat.climbOneCm":0,"stat.mineBlock.thaumcraft.ore_amber":1,"stat.drop.minecraft.brown_mushroom":4,"stat.useItem.minecraft.stone_slab2":31,"stat.pickup.minecraft.bow":1,"stat.craftItem.minecraft.furnace":1,"stat.useItem.minecraft.egg":5,"stat.craftItem.minecraft.stone_pickaxe":1,"stat.mineBlock.minecraft.obsidian":10,"stat.pickup.minecraft.cobblestone":156,"stat.mineBlock.minecraft.clay":5,"stat.useItem.minecraft.stone_shovel":87,"stat.flyOneCm":366550,"stat.craftItem.minecraft.wooden_slab":6,"stat.pickup.minecraft.redstone":55,"stat.mineBlock.minecraft.iron_ore":137,"stat.craftItem.minecraft.book":3,"stat.timeSinceDeath":106096,"stat.useItem.thaumcraft.plank_greatwood":36,"stat.pickup.minecraft.mutton":28,"stat.mineBlock.thaumcraft.plank_greatwood":1,"stat.drop.minecraft.wool":2,"stat.mineBlock.minecraft.coal_ore":75,"stat.killEntity.Creeper":4,"stat.mineBlock.minecraft.red_mushroom_block":2,"stat.craftItem.minecraft.stone_slab2":0,"stat.useItem.minecraft.written_book":5,"stat.sprintOneCm":191732,"stat.craftItem.minecraft.stick":40,"stat.craftItem.minecraft.wooden_axe":1,"stat.mineBlock.minecraft.diamond_ore":6,"stat.mineBlock.minecraft.crafting_table":6,"stat.useItem.minecraft.diamond_pickaxe":35,"stat.mineBlock.minecraft.planks":3,"stat.drop":28,"stat.mineBlock.thaumcraft.crystal_aqua":14,"stat.killEntity.Sheep":19,"stat.craftItem.minecraft.diamond_pickaxe":1,"stat.killEntity.Zombie":19,"stat.mineBlock.minecraft.gold_ore":30,"stat.diveOneCm":34884,"stat.drop.minecraft.wooden_pickaxe":1,"stat.pickup.thaumcraft.curio":1,"stat.pickup.minecraft.gravel":16,"stat.craftItem.thaumcraft.salis_mundus":3,"stat.pickup.minecraft.obsidian":10,"stat.jump":2212,"stat.useItem.minecraft.sand":1,"stat.pickup.minecraft.coal":148,"stat.pickup.minecraft.iron_ingot":3,"stat.useItem.minecraft.stone_axe":20,"stat.pickup.minecraft.gunpowder":5,"stat.pickup.minecraft.spider_eye":2,"stat.craftItem.minecraft.torch":104,"stat.pickup.thaumcraft.plank_greatwood":49,"stat.pickup.minecraft.dirt":29,"stat.pickup.minecraft.iron_ore":200,"stat.pickup.minecraft.gold_ore":30,"stat.mineBlock.minecraft.lapis_ore":7,"stat.damageTaken":1213,"stat.pickup.minecraft.leather":16,"stat.craftItem.thaumcraft.phial":8,"stat.mineBlock.minecraft.red_flower":1,"stat.mineBlock.minecraft.melon_block":1,"stat.mineBlock.minecraft.furnace":6,"stat.mineBlock.minecraft.torch":4,"stat.useItem.minecraft.wooden_pickaxe":22,"stat.pickup.minecraft.reeds":11,"stat.pickup.minecraft.bed":1,"stat.pickup.minecraft.rabbit_hide":1,"stat.drop.thaumcraft.brain":1,"stat.damageDealt":11645,"stat.craftItem.minecraft.glass":3,"stat.sleepInBed":2,"stat.craftItem.minecraft.bowl":4,"stat.killEntity.Cow":16,"stat.killEntity.Pig":3,"stat.craftItem.minecraft.iron_sword":1,"stat.craftItem.minecraft.stone_shovel":1,"stat.walkOneCm":232966,"stat.useItem.minecraft.chest":4,"stat.pickup.minecraft.stick":11,"stat.pickup.minecraft.clay_ball":20,"stat.useItem.minecraft.melon":7,"stat.pickup.minecraft.stone":100,"stat.craftItem.minecraft.iron_chestplate":1,"stat.mineBlock.thaumcraft.crystal_ignis":16,"stat.killEntity.Skeleton":7,"stat.pickup.thaumcraft.ore_cinnabar":14,"stat.craftItem.minecraft.bookshelf":1,"stat.killEntity.Chicken":2,"stat.killEntity.Spider":4,"stat.mobKills":78,"stat.pickup.minecraft.quartz":7,"stat.pickup.minecraft.diamond":6,"stat.pickup.minecraft.torch":10,"stat.pickup.thaumcraft.brain":2,"stat.mineBlock.minecraft.redstone_ore":12,"stat.drop.minecraft.stone_axe":1,"stat.pickup.thaumcraft.thaumonomicon":1,"stat.mineBlock.minecraft.stone":198}