{"stat.leaveGame":2,"stat.mineBlock.thaumcraft.ore_quartz":7,"stat.killEntity.Parrot":1,"stat.craftItem.minecraft.iron_axe":1,"stat.craftItem.thaumcraft.table_wood":1,"stat.killEntity.Blaze":14,"stat.useItem.minecraft.planks":77,"stat.craftItem.minecraft.shield":1,"stat.drop.minecraft.wooden_door":1,"stat.pickup.minecraft.porkchop":5,"stat.craftItem.thaumcraft.scribing_tools":1,"stat.pickup.minecraft.rotten_flesh":15,"stat.pickup.minecraft.sand":20,"stat.pickup.dynamictreestc.greatwoodseed":5,"stat.craftItem.minecraft.stone_axe":1,"stat.killEntity.Enderman":1,"stat.pickup.minecraft.brown_mushroom":6,"stat.mineBlock.minecraft.sand":20,"stat.useItem.minecraft.iron_pickaxe":441,"stat.craftItem.minecraft.wooden_pickaxe":1,"stat.craftItem.minecraft.bed":1,"stat.craftItem.minecraft.glass_pane":16,"stat.furnaceInteraction":39,"stat.drop.minecraft.gravel":5,"stat.pickup.minecraft.beef":39,"stat.useItem.minecraft.cooked_mutton":27,"stat.pickup.minecraft.furnace":6,"stat.useItem.dynamictreestc.greatwoodseed":4,"stat.mineBlock.thaumcraft.vishroom":7,"stat.useItem.minecraft.flint_and_steel":1,"stat.pickup.thaumcraft.crystal_essence":201,"stat.pickup.dynamictrees.oakseed":9,"stat.pickup.minecraft.egg":12,"stat.playOneMinute":155596,"stat.pickup.minecraft.blaze_rod":5,"stat.craftItem.minecraft.iron_pickaxe":3,"stat.mineBlock.minecraft.brown_mushroom_block":1,"stat.drop.minecraft.torch":1,"stat.mineBlock.minecraft.tallgrass":85,"stat.craftItem.minecraft.cooked_mutton":28,"stat.pickup.minecraft.netherrack":27,"stat.pickup.minecraft.cooked_mutton":12,"stat.chestOpened":30,"stat.useItem.minecraft.stone":9,"stat.mineBlock.minecraft.netherrack":32,"stat.pickup.minecraft.arrow":11,"stat.drop.minecraft.flint":1,"stat.drop.minecraft.iron_pickaxe":1,"stat.fallOneCm":85687,"stat.drop.minecraft.stone":6,"stat.crouchOneCm":9819,"stat.craftItem.minecraft.iron_ingot":93,"stat.craftItem.minecraft.chest":5,"stat.pickup.minecraft.melon":7,"stat.craftingTableInteraction":44,"stat.pickup.minecraft.feather":17,"stat.useItem.minecraft.reeds":18,"stat.pickup.minecraft.dye":44,"stat.pickup.minecraft.planks":3,"stat.pickup.minecraft.wheat_seeds":11,"stat.mineBlock.minecraft.gravel":26,"stat.useItem.minecraft.stone_pickaxe":68,"stat.craftItem.minecraft.iron_leggings":1,"stat.mineBlock.minecraft.dirt":34,"stat.useItem.minecraft.torch":95,"stat.pickup.minecraft.crafting_table":6,"stat.useItem.minecraft.cobblestone":137,"stat.craftItem.minecraft.crafting_table":3,"stat.useItem.minecraft.gravel":6,"stat.mineBlock.minecraft.double_plant":2,"stat.mineBlock.thaumcraft.crystal_aer":9,"stat.useItem.dynamictrees.oakseed":4,"stat.pickup.minecraft.log":34,"stat.pickup.minecraft.iron_pickaxe":1,"stat.mineBlock.thaumcraft.crystal_terra":9,"stat.craftItem.minecraft.gold_ingot":15,"stat.drop.minecraft.planks":1,"stat.pickup.minecraft.chicken":11,"stat.pickup.thaumcraft.vishroom":8,"stat.drop.dynamictrees.oakseed":2,"stat.craftItem.minecraft.planks":136,"stat.useItem.minecraft.iron_sword":270,"stat.killEntity.WitherSkeleton":1,"stat.drop.thaumcraft.crystal_essence":13,"stat.craftItem.minecraft.wooden_door":3,"stat.useItem.minecraft.wooden_door":2,"stat.craftItem.minecraft.paper":30,"stat.pickup.minecraft.red_flower":4,"stat.sneakTime":4274,"stat.pickup.thaumcraft.amber":2,"stat.pickup.minecraft.wool":20,"stat.craftItem.thaumcraft.plank_greatwood":136,"stat.useItem.minecraft.wooden_axe":38,"stat.pickup.thaumcraft.log_greatwood":34,"stat.mineBlock.thaumcraft.ore_cinnabar":14,"stat.pickup.minecraft.bone":14,"stat.useItem.minecraft.iron_axe":6,"stat.mineBlock.minecraft.cobblestone":5,"stat.pickup.minecraft.flint":4,"stat.mineBlock.minecraft.yellow_flower":1,"stat.mineBlock.minecraft.brown_mushroom":2,"stat.swimOneCm":76295,"stat.climbOneCm":365,"stat.mineBlock.thaumcraft.ore_amber":3,"stat.drop.minecraft.brown_mushroom":4,"stat.useItem.minecraft.obsidian":10,"stat.useItem.minecraft.stone_slab2":38,"stat.pickup.minecraft.bow":1,"stat.craftItem.minecraft.furnace":1,"stat.useItem.minecraft.red_flower":1,"stat.useItem.minecraft.egg":5,"stat.craftItem.minecraft.iron_boots":1,"stat.craftItem.minecraft.stone_pickaxe":1,"stat.craftItem.minecraft.cooked_beef":5,"stat.mineBlock.minecraft.obsidian":11,"stat.pickup.minecraft.cobblestone":158,"stat.mineBlock.minecraft.clay":5,"stat.useItem.minecraft.stone_shovel":100,"stat.flyOneCm":622448,"stat.drop.minecraft.wheat_seeds":2,"stat.craftItem.minecraft.wooden_slab":6,"stat.useItem.minecraft.cooked_beef":3,"stat.pickup.minecraft.redstone":55,"stat.mineBlock.minecraft.iron_ore":137,"stat.craftItem.minecraft.book":3,"stat.timeSinceDeath":155596,"stat.useItem.thaumcraft.plank_greatwood":44,"stat.pickup.minecraft.mutton":28,"stat.mineBlock.thaumcraft.plank_greatwood":1,"stat.drop.minecraft.wool":2,"stat.mineBlock.minecraft.coal_ore":75,"stat.killEntity.Creeper":4,"stat.mineBlock.minecraft.red_mushroom_block":2,"stat.craftItem.minecraft.stone_slab2":0,"stat.useItem.minecraft.written_book":5,"stat.killEntity.Squid":1,"stat.sprintOneCm":309728,"stat.craftItem.minecraft.stick":44,"stat.craftItem.minecraft.wooden_axe":1,"stat.mineBlock.minecraft.diamond_ore":6,"stat.mineBlock.minecraft.crafting_table":6,"stat.useItem.minecraft.diamond_pickaxe":72,"stat.mineBlock.minecraft.planks":3,"stat.drop":30,"stat.mineBlock.thaumcraft.crystal_aqua":14,"stat.killEntity.Sheep":20,"stat.craftItem.minecraft.diamond_pickaxe":1,"stat.killEntity.Zombie":22,"stat.mineBlock.minecraft.gold_ore":30,"stat.diveOneCm":52182,"stat.killEntity.BrainyZombie":1,"stat.drop.minecraft.wooden_pickaxe":1,"stat.pickup.thaumcraft.curio":1,"stat.pickup.minecraft.gravel":23,"stat.craftItem.thaumcraft.salis_mundus":3,"stat.pickup.minecraft.obsidian":11,"stat.jump":3366,"stat.useItem.minecraft.sand":1,"stat.pickup.minecraft.coal":148,"stat.pickup.minecraft.iron_ingot":3,"stat.useItem.minecraft.stone_axe":20,"stat.pickup.minecraft.gunpowder":5,"stat.pickup.minecraft.spider_eye":2,"stat.craftItem.minecraft.torch":104,"stat.pickup.thaumcraft.plank_greatwood":49,"stat.pickup.minecraft.dirt":33,"stat.craftItem.minecraft.iron_helmet":1,"stat.pickup.minecraft.iron_ore":200,"stat.pickup.minecraft.gold_ore":30,"stat.mineBlock.minecraft.lapis_ore":7,"stat.craftItem.minecraft.flint_and_steel":1,"stat.damageTaken":1580,"stat.pickup.minecraft.leather":18,"stat.craftItem.thaumcraft.phial":8,"stat.mineBlock.minecraft.red_flower":1,"stat.mineBlock.minecraft.melon_block":1,"stat.mineBlock.minecraft.furnace":6,"stat.mineBlock.minecraft.torch":4,"stat.useItem.minecraft.wooden_pickaxe":22,"stat.pickup.minecraft.reeds":48,"stat.pickup.minecraft.bed":1,"stat.pickup.minecraft.rabbit_hide":1,"stat.drop.thaumcraft.brain":1,"stat.damageDealt":16782,"stat.craftItem.minecraft.glass":19,"stat.sleepInBed":5,"stat.craftItem.minecraft.bowl":4,"stat.killEntity.Cow":20,"stat.killEntity.Pig":3,"stat.craftItem.minecraft.iron_sword":3,"stat.craftItem.minecraft.stone_shovel":1,"stat.walkOneCm":324832,"stat.useItem.minecraft.chest":4,"stat.pickup.minecraft.stick":11,"stat.pickup.minecraft.clay_ball":20,"stat.useItem.minecraft.melon":7,"stat.pickup.minecraft.stone":100,"stat.craftItem.minecraft.iron_chestplate":1,"stat.mineBlock.thaumcraft.crystal_ignis":16,"stat.pickup.minecraft.gold_ingot":4,"stat.useItem.minecraft.netherrack":26,"stat.killEntity.Skeleton":8,"stat.pickup.thaumcraft.ore_cinnabar":14,"stat.craftItem.minecraft.bookshelf":1,"stat.killEntity.Chicken":8,"stat.killEntity.Spider":4,"stat.mobKills":111,"stat.pickup.minecraft.quartz":7,"stat.pickup.minecraft.diamond":6,"stat.pickup.minecraft.torch":10,"stat.pickup.thaumcraft.brain":3,"stat.mineBlock.minecraft.redstone_ore":12,"stat.drop.minecraft.stone_axe":1,"stat.pickup.thaumcraft.thaumonomicon":1,"stat.mineBlock.minecraft.stone":200}