{"stat.drop.minecraft.waterlily":1,"stat.leaveGame":5,"stat.mineBlock.thaumcraft.ore_quartz":7,"stat.drop.minecraft.gunpowder":1,"stat.killEntity.Parrot":1,"stat.craftItem.minecraft.iron_axe":1,"stat.craftItem.thaumcraft.table_wood":1,"stat.killEntity.Blaze":17,"stat.useItem.minecraft.planks":106,"stat.craftItem.minecraft.shield":1,"stat.mineBlock.minecraft.web":23,"stat.craftItem.thaumcraft.vis_resonator":6,"stat.pickup.thaumcraft.crucible":3,"stat.pickup.minecraft.glowstone_dust":25,"stat.drop.minecraft.wooden_door":1,"stat.pickup.minecraft.porkchop":5,"stat.craftItem.thaumcraft.scribing_tools":1,"stat.drop.minecraft.melon":2,"stat.drop.minecraft.iron_sword":2,"stat.useItem.minecraft.water_bucket":5,"stat.pickup.minecraft.rotten_flesh":23,"stat.pickup.minecraft.sand":22,"stat.pickup.dynamictreestc.greatwoodseed":10,"stat.craftItem.minecraft.stone_axe":1,"stat.pickup.minecraft.bucket":2,"stat.killEntity.Enderman":3,"stat.pickup.thaumcraft.nitor_yellow":4,"stat.pickup.minecraft.brown_mushroom":6,"stat.mineBlock.minecraft.sand":23,"stat.drop.minecraft.gold_ingot":1,"stat.useItem.minecraft.iron_pickaxe":441,"stat.craftItem.minecraft.wooden_pickaxe":1,"stat.craftItem.minecraft.bed":1,"stat.craftItem.minecraft.glass_pane":16,"stat.drop.thaumcraft.thaumonomicon":2,"stat.furnaceInteraction":54,"stat.drop.minecraft.gravel":5,"stat.killEntity.ZombieVillager":2,"stat.craftItem.thaumcraft.thaumometer":4,"stat.pickup.minecraft.beef":39,"stat.useItem.minecraft.cooked_mutton":28,"stat.pickup.minecraft.furnace":6,"stat.useItem.dynamictreestc.greatwoodseed":4,"stat.mineBlock.thaumcraft.vishroom":9,"stat.useItem.minecraft.flint_and_steel":12,"stat.pickup.thaumcraft.crystal_essence":472,"stat.pickup.dynamictrees.oakseed":21,"stat.pickup.minecraft.egg":13,"stat.playOneMinute":361158,"stat.pickup.minecraft.blaze_rod":7,"stat.craftItem.minecraft.iron_pickaxe":3,"stat.mineBlock.minecraft.brown_mushroom_block":1,"stat.drop.minecraft.torch":5,"stat.drop.minecraft.iron_ingot":5,"stat.mineBlock.minecraft.tallgrass":117,"stat.craftItem.minecraft.cooked_mutton":28,"stat.pickup.minecraft.netherrack":52,"stat.pickup.minecraft.cooked_mutton":12,"stat.chestOpened":158,"stat.useItem.minecraft.stone":39,"stat.mineBlock.minecraft.netherrack":62,"stat.pickup.minecraft.arrow":18,"stat.pickup.minecraft.waterlily":2,"stat.pickup.minecraft.iron_sword":1,"stat.useItem.thaumcraft.nitor_yellow":1,"stat.drop.minecraft.flint":1,"stat.pickup.minecraft.gold_nugget":2,"stat.drop.minecraft.iron_pickaxe":2,"stat.fallOneCm":136876,"stat.drop.minecraft.stone":24,"stat.crouchOneCm":23114,"stat.mineBlock.minecraft.chest":1,"stat.craftItem.minecraft.iron_ingot":137,"stat.craftItem.minecraft.chest":5,"stat.pickup.minecraft.red_mushroom":1,"stat.pickup.minecraft.melon":62,"stat.craftingTableInteraction":61,"stat.pickup.minecraft.feather":18,"stat.drop.thaumcraft.vis_resonator":5,"stat.useItem.minecraft.reeds":36,"stat.craftItem.minecraft.nether_brick":1,"stat.pickup.minecraft.dye":44,"stat.pickup.minecraft.planks":9,"stat.pickup.minecraft.wheat_seeds":24,"stat.mineBlock.minecraft.gravel":26,"stat.useItem.minecraft.stone_pickaxe":68,"stat.craftItem.minecraft.iron_leggings":1,"stat.mineBlock.minecraft.dirt":36,"stat.drop.minecraft.iron_axe":1,"stat.pickup.minecraft.flint_and_steel":2,"stat.useItem.minecraft.torch":146,"stat.useItem.minecraft.bread":1,"stat.drop.minecraft.rotten_flesh":2,"stat.mineBlock.thaumcraft.arcane_workbench":1,"stat.pickup.minecraft.crafting_table":8,"stat.useItem.minecraft.cobblestone":174,"stat.craftItem.minecraft.crafting_table":3,"stat.useItem.minecraft.gravel":6,"stat.mineBlock.minecraft.double_plant":2,"stat.mineBlock.thaumcraft.crystal_aer":9,"stat.useItem.dynamictrees.oakseed":4,"stat.pickup.minecraft.log":43,"stat.drop.minecraft.chicken":2,"stat.pickup.minecraft.iron_pickaxe":1,"stat.mineBlock.thaumcraft.crystal_terra":9,"stat.craftItem.minecraft.gold_ingot":16,"stat.drop.minecraft.planks":1,"stat.pickup.minecraft.chicken":11,"stat.pickup.thaumcraft.vishroom":11,"stat.drop.minecraft.bow":1,"stat.drop.dynamictrees.oakseed":2,"stat.craftItem.minecraft.bucket":3,"stat.craftItem.minecraft.planks":172,"stat.useItem.minecraft.iron_sword":447,"stat.mineBlock.thaumcraft.crystal_ordo":5,"stat.killEntity.WitherSkeleton":2,"stat.drop.thaumcraft.crystal_essence":43,"stat.craftItem.minecraft.wooden_door":3,"stat.mineBlock.minecraft.waterlily":1,"stat.useItem.minecraft.wooden_door":2,"stat.craftItem.minecraft.paper":48,"stat.pickup.minecraft.red_flower":7,"stat.sneakTime":11212,"stat.pickup.thaumcraft.amber":7,"stat.pickup.minecraft.wool":21,"stat.mineBlock.thaumcraft.crystal_perditio":5,"stat.drop.minecraft.bucket":2,"stat.craftItem.thaumcraft.plank_greatwood":280,"stat.useItem.minecraft.wooden_axe":38,"stat.pickup.thaumcraft.log_greatwood":70,"stat.pickup.minecraft.chest":1,"stat.mineBlock.thaumcraft.ore_cinnabar":16,"stat.pickup.minecraft.bone":24,"stat.useItem.minecraft.iron_axe":69,"stat.drop.minecraft.stone_shovel":1,"stat.mineBlock.minecraft.cobblestone":5,"stat.drop.minecraft.glowstone_dust":13,"stat.pickup.minecraft.flint":4,"stat.mineBlock.minecraft.yellow_flower":1,"stat.mineBlock.minecraft.brown_mushroom":2,"stat.craftItem.thaumcraft.goggles":1,"stat.swimOneCm":82539,"stat.climbOneCm":565,"stat.mineBlock.thaumcraft.ore_amber":8,"stat.drop.minecraft.brown_mushroom":4,"stat.useItem.minecraft.obsidian":10,"stat.useItem.minecraft.dirt":8,"stat.useItem.minecraft.stone_slab2":61,"stat.pickup.minecraft.bow":4,"stat.craftItem.minecraft.furnace":1,"stat.useItem.minecraft.red_flower":1,"stat.useItem.minecraft.egg":5,"stat.craftItem.minecraft.iron_boots":1,"stat.drop.minecraft.ender_pearl":1,"stat.craftItem.minecraft.stone_pickaxe":1,"stat.craftItem.minecraft.cooked_beef":39,"stat.mineBlock.minecraft.obsidian":12,"stat.pickup.minecraft.cobblestone":244,"stat.mineBlock.minecraft.clay":5,"stat.useItem.minecraft.stone_shovel":100,"stat.flyOneCm":1014874,"stat.drop.minecraft.wheat_seeds":7,"stat.craftItem.minecraft.wooden_slab":6,"stat.useItem.minecraft.cooked_beef":26,"stat.pickup.minecraft.redstone":55,"stat.mineBlock.minecraft.iron_ore":141,"stat.craftItem.minecraft.book":3,"stat.timeSinceDeath":361158,"stat.pickup.thaumcraft.tallow":2,"stat.useItem.thaumcraft.plank_greatwood":176,"stat.mineBlock.thaumcraft.crucible":2,"stat.pickup.thaumcraft.arcane_workbench":1,"stat.pickup.minecraft.mutton":31,"stat.pickup.minecraft.mossy_cobblestone":1,"stat.drop.minecraft.coal":2,"stat.craftItem.thaumcraft.plate":6,"stat.drop.minecraft.dirt":4,"stat.mineBlock.thaumcraft.plank_greatwood":17,"stat.drop.minecraft.wool":3,"stat.mineBlock.minecraft.coal_ore":87,"stat.killEntity.Creeper":4,"stat.mineBlock.minecraft.red_mushroom_block":2,"stat.pickup.minecraft.string":36,"stat.craftItem.minecraft.stone_slab2":0,"stat.useItem.minecraft.written_book":5,"stat.pickup.thaumcraft.phial":2,"stat.killEntity.Squid":1,"stat.sprintOneCm":575642,"stat.pickup.minecraft.paper":1,"stat.pickup.thaumcraft.ingot":2,"stat.craftItem.minecraft.stick":76,"stat.craftItem.minecraft.wooden_axe":1,"stat.craftItem.minecraft.stone":40,"stat.craftItem.minecraft.gold_nugget":9,"stat.mineBlock.minecraft.diamond_ore":6,"stat.pickup.minecraft.grass":1,"stat.mineBlock.minecraft.crafting_table":8,"stat.useItem.minecraft.diamond_pickaxe":251,"stat.drop.dynamictreestc.greatwoodseed":1,"stat.mineBlock.minecraft.planks":9,"stat.drop.thaumcraft.crucible":1,"stat.drop":97,"stat.mineBlock.thaumcraft.crystal_aqua":14,"stat.killEntity.Sheep":23,"stat.drop.minecraft.blaze_rod":1,"stat.craftItem.minecraft.diamond_pickaxe":1,"stat.killEntity.Zombie":29,"stat.mineBlock.minecraft.gold_ore":30,"stat.diveOneCm":58442,"stat.drop.minecraft.diamond_pickaxe":1,"stat.craftItem.minecraft.piston":1,"stat.killEntity.BrainyZombie":3,"stat.drop.minecraft.wooden_pickaxe":1,"stat.pickup.thaumcraft.curio":2,"stat.pickup.minecraft.gravel":24,"stat.drop.minecraft.cooked_beef":1,"stat.craftItem.thaumcraft.fabric":9,"stat.craftItem.thaumcraft.salis_mundus":3,"stat.pickup.minecraft.obsidian":12,"stat.jump":5471,"stat.useItem.minecraft.sand":1,"stat.pickup.minecraft.coal":160,"stat.pickup.minecraft.iron_ingot":3,"stat.useItem.minecraft.stone_axe":20,"stat.pickup.minecraft.gunpowder":8,"stat.pickup.minecraft.spider_eye":5,"stat.craftItem.minecraft.torch":148,"stat.pickup.thaumcraft.plank_greatwood":65,"stat.pickup.minecraft.dirt":60,"stat.craftItem.minecraft.iron_helmet":1,"stat.pickup.minecraft.iron_ore":204,"stat.craftItem.thaumcraft.cloth_chest":1,"stat.pickup.minecraft.gold_ore":30,"stat.mineBlock.minecraft.lapis_ore":7,"stat.craftItem.minecraft.flint_and_steel":1,"stat.pickup.minecraft.iron_axe":1,"stat.damageTaken":3417,"stat.pickup.minecraft.leather":18,"stat.craftItem.thaumcraft.phial":8,"stat.mineBlock.minecraft.red_flower":2,"stat.mineBlock.minecraft.melon_block":12,"stat.mineBlock.minecraft.furnace":6,"stat.mineBlock.minecraft.torch":12,"stat.useItem.minecraft.wooden_pickaxe":22,"stat.craftItem.minecraft.glowstone":1,"stat.pickup.minecraft.reeds":84,"stat.pickup.minecraft.bed":3,"stat.craftItem.minecraft.netherbrick":4,"stat.pickup.minecraft.rabbit_hide":1,"stat.drop.thaumcraft.brain":1,"stat.damageDealt":24695,"stat.craftItem.minecraft.glass":19,"stat.craftItem.minecraft.cauldron":1,"stat.sleepInBed":10,"stat.craftItem.minecraft.bowl":4,"stat.killEntity.Cow":20,"stat.killEntity.Pig":3,"stat.craftItem.minecraft.iron_sword":3,"stat.useItem.thaumcraft.ore_cinnabar":1,"stat.pickup.minecraft.piston":1,"stat.craftItem.minecraft.stone_shovel":1,"stat.mineBlock.thaumcraft.nitor_yellow":2,"stat.walkOneCm":588838,"stat.useItem.minecraft.chest":4,"stat.pickup.minecraft.stick":23,"stat.pickup.minecraft.diamond_pickaxe":1,"stat.pickup.minecraft.clay_ball":20,"stat.drop.minecraft.netherrack":1,"stat.useItem.minecraft.melon":11,"stat.pickup.minecraft.stone":121,"stat.craftItem.minecraft.iron_chestplate":1,"stat.craftItem.thaumcraft.caster_basic":1,"stat.pickup.minecraft.ender_pearl":3,"stat.mineBlock.thaumcraft.crystal_ignis":17,"stat.pickup.minecraft.cooked_beef":1,"stat.pickup.minecraft.gold_ingot":4,"stat.useItem.minecraft.netherrack":26,"stat.killEntity.Skeleton":19,"stat.killEntity.Pech":2,"stat.pickup.thaumcraft.ore_cinnabar":17,"stat.craftItem.minecraft.bookshelf":1,"stat.killEntity.Chicken":8,"stat.killEntity.Spider":14,"stat.mineBlock.minecraft.quartz_ore":17,"stat.mineBlock.minecraft.glowstone":6,"stat.mobKills":155,"stat.drop.thaumcraft.ore_cinnabar":1,"stat.pickup.minecraft.quartz":25,"stat.pickup.minecraft.diamond":6,"stat.mineBlock.minecraft.piston":1,"stat.pickup.minecraft.torch":19,"stat.pickup.thaumcraft.brain":7,"stat.mineBlock.minecraft.redstone_ore":12,"stat.drop.minecraft.stone_axe":1,"stat.pickup.thaumcraft.thaumonomicon":3,"stat.mineBlock.minecraft.stone":288}