{"stat.leaveGame":2,"stat.mineBlock.thaumcraft.ore_quartz":7,"stat.killEntity.Parrot":1,"stat.craftItem.minecraft.iron_axe":1,"stat.craftItem.thaumcraft.table_wood":1,"stat.killEntity.Blaze":17,"stat.useItem.minecraft.planks":77,"stat.craftItem.minecraft.shield":1,"stat.pickup.thaumcraft.crucible":1,"stat.pickup.minecraft.glowstone_dust":21,"stat.drop.minecraft.wooden_door":1,"stat.pickup.minecraft.porkchop":5,"stat.craftItem.thaumcraft.scribing_tools":1,"stat.pickup.minecraft.rotten_flesh":19,"stat.pickup.minecraft.sand":22,"stat.pickup.dynamictreestc.greatwoodseed":9,"stat.craftItem.minecraft.stone_axe":1,"stat.killEntity.Enderman":2,"stat.pickup.minecraft.brown_mushroom":6,"stat.mineBlock.minecraft.sand":23,"stat.useItem.minecraft.iron_pickaxe":441,"stat.craftItem.minecraft.wooden_pickaxe":1,"stat.craftItem.minecraft.bed":1,"stat.craftItem.minecraft.glass_pane":16,"stat.furnaceInteraction":46,"stat.drop.minecraft.gravel":5,"stat.killEntity.ZombieVillager":2,"stat.craftItem.thaumcraft.thaumometer":1,"stat.pickup.minecraft.beef":39,"stat.useItem.minecraft.cooked_mutton":28,"stat.pickup.minecraft.furnace":6,"stat.useItem.dynamictreestc.greatwoodseed":4,"stat.mineBlock.thaumcraft.vishroom":8,"stat.useItem.minecraft.flint_and_steel":7,"stat.pickup.thaumcraft.crystal_essence":247,"stat.pickup.dynamictrees.oakseed":15,"stat.pickup.minecraft.egg":12,"stat.playOneMinute":205996,"stat.pickup.minecraft.blaze_rod":6,"stat.craftItem.minecraft.iron_pickaxe":3,"stat.mineBlock.minecraft.brown_mushroom_block":1,"stat.drop.minecraft.torch":1,"stat.mineBlock.minecraft.tallgrass":107,"stat.craftItem.minecraft.cooked_mutton":28,"stat.pickup.minecraft.netherrack":27,"stat.pickup.minecraft.cooked_mutton":12,"stat.chestOpened":50,"stat.useItem.minecraft.stone":9,"stat.mineBlock.minecraft.netherrack":32,"stat.pickup.minecraft.arrow":16,"stat.pickup.minecraft.waterlily":1,"stat.drop.minecraft.flint":1,"stat.pickup.minecraft.gold_nugget":2,"stat.drop.minecraft.iron_pickaxe":1,"stat.fallOneCm":115184,"stat.drop.minecraft.stone":6,"stat.crouchOneCm":16245,"stat.craftItem.minecraft.iron_ingot":93,"stat.craftItem.minecraft.chest":5,"stat.pickup.minecraft.melon":60,"stat.craftingTableInteraction":47,"stat.pickup.minecraft.feather":18,"stat.useItem.minecraft.reeds":18,"stat.pickup.minecraft.dye":44,"stat.pickup.minecraft.planks":3,"stat.pickup.minecraft.wheat_seeds":20,"stat.mineBlock.minecraft.gravel":26,"stat.useItem.minecraft.stone_pickaxe":68,"stat.craftItem.minecraft.iron_leggings":1,"stat.mineBlock.minecraft.dirt":34,"stat.useItem.minecraft.torch":130,"stat.pickup.minecraft.crafting_table":6,"stat.useItem.minecraft.cobblestone":137,"stat.craftItem.minecraft.crafting_table":3,"stat.useItem.minecraft.gravel":6,"stat.mineBlock.minecraft.double_plant":2,"stat.mineBlock.thaumcraft.crystal_aer":9,"stat.useItem.dynamictrees.oakseed":4,"stat.pickup.minecraft.log":34,"stat.pickup.minecraft.iron_pickaxe":1,"stat.mineBlock.thaumcraft.crystal_terra":9,"stat.craftItem.minecraft.gold_ingot":15,"stat.drop.minecraft.planks":1,"stat.pickup.minecraft.chicken":11,"stat.pickup.thaumcraft.vishroom":9,"stat.drop.minecraft.bow":1,"stat.drop.dynamictrees.oakseed":2,"stat.craftItem.minecraft.bucket":1,"stat.craftItem.minecraft.planks":136,"stat.useItem.minecraft.iron_sword":360,"stat.mineBlock.thaumcraft.crystal_ordo":5,"stat.killEntity.WitherSkeleton":2,"stat.drop.thaumcraft.crystal_essence":13,"stat.craftItem.minecraft.wooden_door":3,"stat.mineBlock.minecraft.waterlily":1,"stat.useItem.minecraft.wooden_door":2,"stat.craftItem.minecraft.paper":30,"stat.pickup.minecraft.red_flower":4,"stat.sneakTime":6993,"stat.pickup.thaumcraft.amber":7,"stat.pickup.minecraft.wool":20,"stat.mineBlock.thaumcraft.crystal_perditio":4,"stat.craftItem.thaumcraft.plank_greatwood":204,"stat.useItem.minecraft.wooden_axe":38,"stat.pickup.thaumcraft.log_greatwood":51,"stat.mineBlock.thaumcraft.ore_cinnabar":16,"stat.pickup.minecraft.bone":20,"stat.useItem.minecraft.iron_axe":31,"stat.mineBlock.minecraft.cobblestone":5,"stat.drop.minecraft.glowstone_dust":1,"stat.pickup.minecraft.flint":4,"stat.mineBlock.minecraft.yellow_flower":1,"stat.mineBlock.minecraft.brown_mushroom":2,"stat.swimOneCm":79753,"stat.climbOneCm":406,"stat.mineBlock.thaumcraft.ore_amber":8,"stat.drop.minecraft.brown_mushroom":4,"stat.useItem.minecraft.obsidian":10,"stat.useItem.minecraft.dirt":8,"stat.useItem.minecraft.stone_slab2":46,"stat.pickup.minecraft.bow":3,"stat.craftItem.minecraft.furnace":1,"stat.useItem.minecraft.red_flower":1,"stat.useItem.minecraft.egg":5,"stat.craftItem.minecraft.iron_boots":1,"stat.craftItem.minecraft.stone_pickaxe":1,"stat.craftItem.minecraft.cooked_beef":39,"stat.mineBlock.minecraft.obsidian":11,"stat.pickup.minecraft.cobblestone":198,"stat.mineBlock.minecraft.clay":5,"stat.useItem.minecraft.stone_shovel":100,"stat.flyOneCm":862475,"stat.drop.minecraft.wheat_seeds":6,"stat.craftItem.minecraft.wooden_slab":6,"stat.useItem.minecraft.cooked_beef":15,"stat.pickup.minecraft.redstone":55,"stat.mineBlock.minecraft.iron_ore":141,"stat.craftItem.minecraft.book":3,"stat.timeSinceDeath":205996,"stat.useItem.thaumcraft.plank_greatwood":143,"stat.mineBlock.thaumcraft.crucible":1,"stat.pickup.minecraft.mutton":28,"stat.pickup.minecraft.mossy_cobblestone":1,"stat.mineBlock.thaumcraft.plank_greatwood":6,"stat.drop.minecraft.wool":2,"stat.mineBlock.minecraft.coal_ore":87,"stat.killEntity.Creeper":4,"stat.mineBlock.minecraft.red_mushroom_block":2,"stat.pickup.minecraft.string":4,"stat.craftItem.minecraft.stone_slab2":0,"stat.useItem.minecraft.written_book":5,"stat.killEntity.Squid":1,"stat.sprintOneCm":467362,"stat.craftItem.minecraft.stick":72,"stat.craftItem.minecraft.wooden_axe":1,"stat.craftItem.minecraft.stone":38,"stat.mineBlock.minecraft.diamond_ore":6,"stat.mineBlock.minecraft.crafting_table":6,"stat.useItem.minecraft.diamond_pickaxe":147,"stat.drop.dynamictreestc.greatwoodseed":1,"stat.mineBlock.minecraft.planks":3,"stat.drop":37,"stat.mineBlock.thaumcraft.crystal_aqua":14,"stat.killEntity.Sheep":21,"stat.craftItem.minecraft.diamond_pickaxe":1,"stat.killEntity.Zombie":26,"stat.mineBlock.minecraft.gold_ore":30,"stat.diveOneCm":57575,"stat.killEntity.BrainyZombie":2,"stat.drop.minecraft.wooden_pickaxe":1,"stat.pickup.thaumcraft.curio":2,"stat.pickup.minecraft.gravel":24,"stat.craftItem.thaumcraft.salis_mundus":3,"stat.pickup.minecraft.obsidian":11,"stat.jump":4548,"stat.useItem.minecraft.sand":1,"stat.pickup.minecraft.coal":160,"stat.pickup.minecraft.iron_ingot":3,"stat.useItem.minecraft.stone_axe":20,"stat.pickup.minecraft.gunpowder":7,"stat.pickup.minecraft.spider_eye":3,"stat.craftItem.minecraft.torch":136,"stat.pickup.thaumcraft.plank_greatwood":54,"stat.pickup.minecraft.dirt":58,"stat.craftItem.minecraft.iron_helmet":1,"stat.pickup.minecraft.iron_ore":204,"stat.pickup.minecraft.gold_ore":30,"stat.mineBlock.minecraft.lapis_ore":7,"stat.craftItem.minecraft.flint_and_steel":1,"stat.damageTaken":2559,"stat.pickup.minecraft.leather":18,"stat.craftItem.thaumcraft.phial":8,"stat.mineBlock.minecraft.red_flower":1,"stat.mineBlock.minecraft.melon_block":12,"stat.mineBlock.minecraft.furnace":6,"stat.mineBlock.minecraft.torch":6,"stat.useItem.minecraft.wooden_pickaxe":22,"stat.craftItem.minecraft.glowstone":1,"stat.pickup.minecraft.reeds":48,"stat.pickup.minecraft.bed":1,"stat.pickup.minecraft.rabbit_hide":1,"stat.drop.thaumcraft.brain":1,"stat.damageDealt":21104,"stat.craftItem.minecraft.glass":19,"stat.craftItem.minecraft.cauldron":1,"stat.sleepInBed":7,"stat.craftItem.minecraft.bowl":4,"stat.killEntity.Cow":20,"stat.killEntity.Pig":3,"stat.craftItem.minecraft.iron_sword":3,"stat.useItem.thaumcraft.ore_cinnabar":1,"stat.craftItem.minecraft.stone_shovel":1,"stat.walkOneCm":444239,"stat.useItem.minecraft.chest":4,"stat.pickup.minecraft.stick":11,"stat.pickup.minecraft.clay_ball":20,"stat.useItem.minecraft.melon":11,"stat.pickup.minecraft.stone":100,"stat.craftItem.minecraft.iron_chestplate":1,"stat.pickup.minecraft.ender_pearl":1,"stat.mineBlock.thaumcraft.crystal_ignis":17,"stat.pickup.minecraft.gold_ingot":4,"stat.useItem.minecraft.netherrack":26,"stat.killEntity.Skeleton":13,"stat.killEntity.Pech":1,"stat.pickup.thaumcraft.ore_cinnabar":16,"stat.craftItem.minecraft.bookshelf":1,"stat.killEntity.Chicken":8,"stat.killEntity.Spider":8,"stat.mineBlock.minecraft.glowstone":6,"stat.mobKills":135,"stat.pickup.minecraft.quartz":7,"stat.pickup.minecraft.diamond":6,"stat.pickup.minecraft.torch":12,"stat.pickup.thaumcraft.brain":5,"stat.mineBlock.minecraft.redstone_ore":12,"stat.drop.minecraft.stone_axe":1,"stat.pickup.thaumcraft.thaumonomicon":1,"stat.mineBlock.minecraft.stone":238}